<?xml version="1.0" encoding="utf-8" standalone="yes"?>
<rss version="2.0" xmlns:atom="http://www.w3.org/2005/Atom">
  <channel>
    <title>Work history &amp; Achievements</title>
    <link>https://legedith.github.io/timeline/</link>
    <description>Recent content on Work history &amp; Achievements</description>
    <generator>Hugo -- gohugo.io</generator>
    <language>en-us</language>
    <lastBuildDate>Tue, 15 Jun 2021 00:00:00 +0000</lastBuildDate><atom:link href="https://legedith.github.io/timeline/index.xml" rel="self" type="application/rss+xml" />
    <item>
      <title>Winner of DefHacks</title>
      <link>https://legedith.github.io/timeline/timeline/twilioquest9238/</link>
      <pubDate>Tue, 15 Jun 2021 00:00:00 +0000</pubDate>
      
      <guid>https://legedith.github.io/timeline/timeline/twilioquest9238/</guid>
      <description></description>
    </item>
    
    <item>
      <title>Researcher</title>
      <link>https://legedith.github.io/timeline/timeline/unique/</link>
      <pubDate>Wed, 26 May 2021 00:00:00 +0000</pubDate>
      
      <guid>https://legedith.github.io/timeline/timeline/unique/</guid>
      <description></description>
    </item>
    
    <item>
      <title>Winner of Tidy The Hack Up Hackathon</title>
      <link>https://legedith.github.io/timeline/timeline/mlh3588/</link>
      <pubDate>Thu, 25 Mar 2021 00:00:00 +0000</pubDate>
      
      <guid>https://legedith.github.io/timeline/timeline/mlh3588/</guid>
      <description></description>
    </item>
    
    <item>
      <title>Techescapade</title>
      <link>https://legedith.github.io/timeline/timeline/dduc-university-of-delhi7231/</link>
      <pubDate>Tue, 16 Mar 2021 00:00:00 +0000</pubDate>
      
      <guid>https://legedith.github.io/timeline/timeline/dduc-university-of-delhi7231/</guid>
      <description></description>
    </item>
    
    <item>
      <title>AppCombat</title>
      <link>https://legedith.github.io/timeline/timeline/dduc-university-of-delhi2799/</link>
      <pubDate>Thu, 11 Mar 2021 00:00:00 +0000</pubDate>
      
      <guid>https://legedith.github.io/timeline/timeline/dduc-university-of-delhi2799/</guid>
      <description></description>
    </item>
    
    <item>
      <title>1st position in HardCode</title>
      <link>https://legedith.github.io/timeline/timeline/shaheed-rajguru-college-of-applied-sciences-for-women-university-of-delhi1110/</link>
      <pubDate>Sat, 23 Jan 2021 00:00:00 +0000</pubDate>
      
      <guid>https://legedith.github.io/timeline/timeline/shaheed-rajguru-college-of-applied-sciences-for-women-university-of-delhi1110/</guid>
      <description></description>
    </item>
    
    <item>
      <title>1st position in WhizQuiz</title>
      <link>https://legedith.github.io/timeline/timeline/shaheed-rajguru-college-of-applied-sciences-for-women-university-of-delhi8473/</link>
      <pubDate>Wed, 20 Jan 2021 00:00:00 +0000</pubDate>
      
      <guid>https://legedith.github.io/timeline/timeline/shaheed-rajguru-college-of-applied-sciences-for-women-university-of-delhi8473/</guid>
      <description></description>
    </item>
    
    <item>
      <title>Winner of First Day Back Hacks</title>
      <link>https://legedith.github.io/timeline/timeline/mlh8182/</link>
      <pubDate>Tue, 15 Sep 2020 00:00:00 +0000</pubDate>
      
      <guid>https://legedith.github.io/timeline/timeline/mlh8182/</guid>
      <description></description>
    </item>
    
    <item>
      <title>Completed CS50 puzzle day (Fall 2020)</title>
      <link>https://legedith.github.io/timeline/timeline/harvard-university8179/</link>
      <pubDate>Sun, 13 Sep 2020 00:00:00 +0000</pubDate>
      
      <guid>https://legedith.github.io/timeline/timeline/harvard-university8179/</guid>
      <description></description>
    </item>
    
    <item>
      <title>Customer Service Representative</title>
      <link>https://legedith.github.io/timeline/timeline/flipkart/</link>
      <pubDate>Fri, 10 Jul 2020 00:00:00 +0000</pubDate>
      
      <guid>https://legedith.github.io/timeline/timeline/flipkart/</guid>
      <description></description>
    </item>
    
    <item>
      <title>Core Member</title>
      <link>https://legedith.github.io/timeline/timeline/comest/</link>
      <pubDate>Wed, 01 Jul 2020 00:00:00 +0000</pubDate>
      
      <guid>https://legedith.github.io/timeline/timeline/comest/</guid>
      <description></description>
    </item>
    
    <item>
      <title>Completed CS50 puzzle day (Spring 2020)</title>
      <link>https://legedith.github.io/timeline/timeline/harvard-university8793/</link>
      <pubDate>Mon, 16 Mar 2020 00:00:00 +0000</pubDate>
      
      <guid>https://legedith.github.io/timeline/timeline/harvard-university8793/</guid>
      <description></description>
    </item>
    
    <item>
      <title>1st postion, Brain Spark</title>
      <link>https://legedith.github.io/timeline/timeline/ducs-department-of-computer-science-university-of-delhi9825/</link>
      <pubDate>Thu, 20 Feb 2020 00:00:00 +0000</pubDate>
      
      <guid>https://legedith.github.io/timeline/timeline/ducs-department-of-computer-science-university-of-delhi9825/</guid>
      <description></description>
    </item>
    
    <item>
      <title>Best Student Award</title>
      <link>https://legedith.github.io/timeline/timeline/bharat-vikas-parishad7272/</link>
      <pubDate>Thu, 14 Sep 2017 00:00:00 +0000</pubDate>
      
      <guid>https://legedith.github.io/timeline/timeline/bharat-vikas-parishad7272/</guid>
      <description></description>
    </item>
    
    <item>
      <title>3rd Position in Inter School English Debate</title>
      <link>https://legedith.github.io/timeline/timeline/opjms-hisar9868/</link>
      <pubDate>Wed, 23 Aug 2017 00:00:00 +0000</pubDate>
      
      <guid>https://legedith.github.io/timeline/timeline/opjms-hisar9868/</guid>
      <description></description>
    </item>
    
    <item>
      <title>Head Girl</title>
      <link>https://legedith.github.io/timeline/timeline/holy-angel-school2064/</link>
      <pubDate>Thu, 11 May 2017 00:00:00 +0000</pubDate>
      
      <guid>https://legedith.github.io/timeline/timeline/holy-angel-school2064/</guid>
      <description></description>
    </item>
    
  </channel>
</rss>
