<?xml version="1.0" encoding="utf-8" standalone="yes"?>
<rss version="2.0" xmlns:atom="http://www.w3.org/2005/Atom">
  <channel>
    <title>Categories on Work history &amp; Achievements</title>
    <link>https://legedith.github.io/timeline/categories/</link>
    <description>Recent content in Categories on Work history &amp; Achievements</description>
    <generator>Hugo -- gohugo.io</generator>
    <language>en-us</language><atom:link href="https://legedith.github.io/timeline/categories/index.xml" rel="self" type="application/rss+xml" />
  </channel>
</rss>
